{ 
    "restartPoint": {},
    "restartBot": {},
    "userAgent": {},
    "keyCommand": "",
    "autoAdd": false,
    "autoJoin": false,
    "autoReject": false,
    "autoLeave": true,
    "autoRead": false,
    "server": {},
    "changePicture": false,
    "changeGroupPicture": false,
    "autoJoinTicket": false,
    "Img": {},
    "Images": {},
    "Addimage": false,
    "RAAdmin": {},
    "RAGfoto": {},
    "RASDadmin": false,
    "RASDstaff": false,
    "RASadmin": false,
    "RASstaff": false,
    "RAStaff": {},
    "RAautojoin": true,
    "RAautoread": false,
    "RAautoscan": false,
    "RAblacklist": {
        "ucf97e89bfc77943c7d11c52c9c46b2b9": true
    },
    "RAdblacklist": false,
    "RAfoto": {},
    "RAgreet": {},
    "RAlimit": 1,
    "RAmessage": "Hallo...",
    "RAmessage1": "Minat? Chat http://line.me/ti/p/~mr.sider",
    "RAprotcancel": {},
    "RAprotinvite": {},
    "RAprotkick": {},
    "RAprotqr": {},
    "RAreadMember": {},
    "RAreadPoint": {},
    "RAwblacklist": false
}
