{"u4033ea77038ab1a6ec89c42fe317f7ab": [{"tkn": "http://api.eater.pw/tkn/CHROMEOS/eXrRcBivFvkCIuLXhdPcXkOmZBBo9Nii", "qr": "line://au/q/eXrRcBivFvkCIuLXhdPcXkOmZBBo9Nii"}], "u5a8e6394c19b99fcf44b5e680a5cdb68": [{"tkn": "http://api.eater.pw/tkn/CHROMEOS/lrnss2kRGS0cBr7B0q8yjL1vUmSxfTNm", "qr": "line://au/q/lrnss2kRGS0cBr7B0q8yjL1vUmSxfTNm"}], "ud30f6c0c5130663ea94f96519fb74303": [{"tkn": "http://api.eater.pw/tkn/CHROMEOS/dEkYCTtrAdRiZ2ssChQqA7V9fHjXHLVX", "qr": "line://au/q/dEkYCTtrAdRiZ2ssChQqA7V9fHjXHLVX"}], "u829fa6976d190f79df4a47e12fe7d6f7": [{"tkn": "http://api.eater.pw/tkn/CHROMEOS/MFDnAFMXmyPtkNpjBbh3SgE79CrlgyDw", "qr": "line://au/q/MFDnAFMXmyPtkNpjBbh3SgE79CrlgyDw"}], "u6347d96f19332503ee90b48d630ec27e": [{"tkn": "http://api.eater.pw/tkn/CHROMEOS/anrP8riiFR6qOqNs92e7qDZBz23HQOH3", "qr": "line://au/q/anrP8riiFR6qOqNs92e7qDZBz23HQOH3"}], "u9e1a3da7f37d6e696507ace5994eae36": [{"tkn": "http://api.eater.pw/tkn/CHROMEOS/OW2KYv4Phm5PBY1prIZ86UNvHYcgJOcu", "qr": "line://au/q/OW2KYv4Phm5PBY1prIZ86UNvHYcgJOcu"}]}